{
  "total_tiles": 3712,
  "tile_size": 100,
  "overlap": 0,
  "nodata_value": -9999.0,
  "sources": [
    "f230905t01p00r13rfl",
    "f230905t01p00r11rfl",
    "f230905t01p00r10rfl"
  ],
  "wavelengths_nm": [
    1043.01221,
    1052.61096,
    1071.79272,
    1081.37573,
    1100.52625,
    1110.09375,
    1129.21301,
    1138.76477,
    1157.85278,
    1176.91992,
    1186.4458,
    1205.48169,
    1214.99182,
    1233.99646,
    1243.49097,
    1262.46436,
    1272.71826,
    1292.66248,
    1302.63428,
    1322.57715,
    1332.5481,
    1352.4895,
    1362.45984,
    1382.39978,
    1392.36938,
    1412.30786,
    1422.27673,
    1442.21375,
    1452.18188,
    1472.11755,
    1482.08496,
    1502.01904,
    1511.98584,
    1531.91846,
    1541.88452,
    1551.85022,
    1571.78101,
    1581.74597,
    1601.67529,
    1611.63965,
    1631.5675,
    1641.53101,
    1661.45752,
    1671.42029,
    1691.34534,
    1701.30737,
    1721.23096,
    1731.19238,
    1751.11438,
    1761.07507,
    1780.99573,
    1790.95569,
    1810.87488,
    1820.83411,
    1840.75183,
    1850.71033,
    1868.96375,
    1879.02527,
    1899.14148,
    1909.19604,
    1929.29846,
    1939.34607,
    1959.43457,
    1969.47534,
    1989.55005,
    1999.58386,
    2009.61536,
    2029.67163,
    2039.69617,
    2059.73877,
    2069.75635,
    2089.78491,
    2099.79565,
    2119.8103,
    2129.81421,
    2149.81494,
    2159.81201,
    2179.79907,
    2189.78906,
    2209.76221,
    2219.74536,
    2239.70459,
    2249.68066,
    2269.62622,
    2279.59546,
    2299.5271,
    2309.4895,
    2329.40723,
    2339.36255,
    2359.2666,
    2369.21509,
    2379.16113,
    2399.04663,
    2408.98608,
    2428.85767,
    2438.79004,
    2458.64771,
    2468.57324,
    2488.41724,
    2498.33569
  ],
  "wavelengths_um": [
    1.04301221,
    1.05261096,
    1.07179272,
    1.08137573,
    1.10052625,
    1.11009375,
    1.12921301,
    1.13876477,
    1.15785278,
    1.17691992,
    1.1864458,
    1.20548169,
    1.21499182,
    1.23399646,
    1.24349097,
    1.2624643599999998,
    1.27271826,
    1.29266248,
    1.30263428,
    1.32257715,
    1.3325481,
    1.3524895,
    1.36245984,
    1.3823997799999999,
    1.39236938,
    1.4123078599999999,
    1.42227673,
    1.4422137499999999,
    1.4521818800000001,
    1.4721175499999999,
    1.48208496,
    1.50201904,
    1.5119858400000001,
    1.5319184600000002,
    1.54188452,
    1.55185022,
    1.57178101,
    1.5817459699999998,
    1.60167529,
    1.61163965,
    1.6315675,
    1.64153101,
    1.66145752,
    1.67142029,
    1.69134534,
    1.70130737,
    1.7212309600000002,
    1.73119238,
    1.75111438,
    1.7610750700000002,
    1.78099573,
    1.79095569,
    1.81087488,
    1.82083411,
    1.8407518299999999,
    1.85071033,
    1.8689637499999998,
    1.87902527,
    1.89914148,
    1.90919604,
    1.92929846,
    1.93934607,
    1.95943457,
    1.96947534,
    1.98955005,
    1.99958386,
    2.00961536,
    2.02967163,
    2.03969617,
    2.05973877,
    2.06975635,
    2.0897849099999997,
    2.09979565,
    2.1198103,
    2.12981421,
    2.14981494,
    2.15981201,
    2.17979907,
    2.18978906,
    2.20976221,
    2.21974536,
    2.2397045899999997,
    2.24968066,
    2.26962622,
    2.27959546,
    2.2995270999999997,
    2.3094895,
    2.3294072299999997,
    2.3393625499999997,
    2.3592665999999998,
    2.36921509,
    2.37916113,
    2.39904663,
    2.40898608,
    2.4288576699999997,
    2.4387900399999998,
    2.45864771,
    2.46857324,
    2.4884172400000004,
    2.4983356899999998
  ],
  "csv_file": "partial_crys_data/partial_crys_C0.0.csv",
  "base_dir": "AVIRIS_FOREST",
  "processing_date": "20250403_115420",
  "command_line_args": {
    "base_dir": "AVIRIS_FOREST",
    "csv_file": "partial_crys_data/partial_crys_C0.0.csv",
    "cache_dir": "cache_forest_direct",
    "tile_size": 100,
    "overlap": 0,
    "subfolder": "all",
    "force_cache": false,
    "nodata_value": -9999.0,
    "clean_temp": false
  }
}